{"cameraMode":{"drawMode":0,"name":"Shaded","section":"Shading Mode"},"sceneLighting":true,"audioPlay":false,"sceneViewState":{"showFog":true,"showMaterialUpdate":false,"showSkybox":true,"showFlares":true,"showImageEffects":true,"showParticleSystems":true,"showVisualEffectGraphs":true,"m_FxEnabled":true},"in2DMode":false,"pivot":{"x":-2.6355581283569338,"y":-2.2494964599609377,"z":0.7676458358764648},"rotation":{"x":-0.31562188267707827,"y":-0.45791900157928469,"z":0.17804452776908875,"w":-0.8118120431900024},"size":11.974897384643555,"orthographic":false}